{
  "name": "ng-range-slider",
  "version": "0.2.0",
  "homepage": "https://github.com/Wildhoney/ngRangeSlider",
  "authors": [
    "Adam Timberlake <adam.timberlake@gmail.com>"
  ],
  "description": "Multi-handle range slider utilising the native HTML5 input range elements.",
  "main": "dist/ng-range-slider.min.js",
  "keywords": [
    "range",
    "slider",
    "angular",
    "module"
  ],
  "license": "MIT",
  "ignore": [
    "**/.*",
    "node_modules",
    "bower_components",
    "example/js/vendor",
    "test",
    "tests"
  ],
  "dependencies": {
    "angular": "^1.2",
    "underscore": "~1.7.0"
  },
  "devDependencies": {
    "angular-mocks": "^1.2"
  },
  "_release": "0.2.0",
  "_resolution": {
    "type": "version",
    "tag": "v0.2.0",
    "commit": "f5eafc1dea7523f4b2f135c92e1cfded1baaa267"
  },
  "_source": "https://github.com/Wildhoney/ngRangeSlider.git",
  "_target": "^0.2.0",
  "_originalSource": "ng-range-slider",
  "_direct": true
}